"document_name","question_number","question","answer","model","provider","status","error"
"tmpg097b2rv.pdf","1","Provide a brief summary of this document","This document outlines the customary law surrounding marriage and divorce within the Kisii community. It details the process of marriage, including the payment of a bride price (chiombe cho oboko), the responsibilities of husbands and wives, and the procedures for both seeking divorce and death in families. It explains how property is handled upon death; whether through continuation of living arrangements with the surviving spouse or establishing new familial bonds such as sororate unions, depending on the circumstances. The document also clarifies provisions for the return of marriage consideration upon a wife's death; including specific details regarding cattle and other relevant aspects.","gemma2:2b","ollama","success",""
"tmpg097b2rv.pdf","2","What are the main points discussed?","This document discusses the customs of marriage and divorce within the Kisii community. It outlines the process of marriage, including customary payments (chiombe cho oboko) , the roles and responsibilities of spouses, and the procedure for divorce, which can be either through elders or a court. It also addresses issues such as the return of marriage consideration upon death, custody arrangements for children after death, and the consequences of widowhood and the possibility of sororate marriages. The document provides a detailed overview of legal and customary aspects related to marriage within this community.","gemma2:2b","ollama","success",""
"tmpg097b2rv.pdf","3","Who is the intended audience?","The intended audience for this document is likely academics, legal professionals, or individuals studying Kisii customary law. The document provides a detailed explanation of marriage and divorce practices within the Kisii community. It covers topics such as marriage ceremonies, property rights, children's custody, and the return of marriage consideration upon death.","gemma2:2b","ollama","success",""
"tmpg097b2rv.pdf","4","What recommendations or actions are proposed?","The provided text describes customary marriage practices in Kisii, Kenya. It outlines the roles of elders and family members in divorce proceedings; explains the process of returning marriage consideration upon death, including the rules for widows, and details the role of children in determining the return of property. While it provides a detailed look at the legal framework for these processes, it lacks recommendations or actions to guide further improvements or advancements within these customs.","gemma2:2b","ollama","success",""
"tmpvk31nwy2.pdf","1","Provide a brief summary of this document","This document outlines customary marriage practices and procedures within a Ghanaian cultural context. It discusses various aspects of marriage, including betrothal, premarital agreements, legal dissolution (divorce), the concept of ""pag-bila"" (bride-price), customary succession laws, and legal frameworks governing marriages in Ghana. The document also provides information on statutory marriage under Ghanaian law as outlined within relevant ordinances. Notably, it highlights that customary practices often intertwine with legal processes related to marriage. It emphasizes the role of traditional structures like messengers for delivering messages regarding divorce and re-marriage.","gemma2:2b","ollama","success",""
"tmpvk31nwy2.pdf","2","What are the main points discussed?","This document outlines customary marriage practices in Ghana. It discusses aspects of marriage formation, dissolution, and legal frameworks related to marriages in the country. It details customs like betrothal ceremonies, including payments for marriage (pag-suhugu), and child custody after death of a spouse. The document also explains statutory laws governing marriage under Ghanaian law and Mohammedan Law. Finally, it provides information about divorce procedures and responsibilities regarding children upon separation or death of one spouse.","gemma2:2b","ollama","success",""
"tmpvk31nwy2.pdf","3","Who is the intended audience?","The intended audience for this document is likely individuals who are interested in learning about customary marriage and its legal framework within Ghana. The content provides a comprehensive overview of Ghanaian marital customs and the legal processes governing them, specifically focusing on areas such as marriage ceremonies, the dissolution of marriage, children's rights upon divorce, property division, and statutory marriage regulations.","gemma2:2b","ollama","success",""
"tmpvk31nwy2.pdf","4","What recommendations or actions are proposed?","The provided text outlines a Ghanaian customary marriage process. It details steps for dissolving a marriage, including grounds for divorce; it describes custody of children upon death and the dissolution of a marriage; it mentions provisions for statutory marriages; and, it addresses remedies for matrimonial offenses like adultery. Additionally, the text provides information about customary law practices regarding marriage and its implications in legal proceedings. Information on specific recommendations or actions is not provided within the document's content.","gemma2:2b","ollama","success",""
"tmpewf_hyo5.pdf","1","Provide a brief summary of this document","This document outlines customary marriage practices and procedures within Ghana. It covers aspects of customary marriages governed by local customs, including the role of 'kasha-pushe', a payment for the legal termination of a previous marriage. The text also details divorce procedures under customary law, encompassing both extrajudicial (outside legal courts) and judicial divorce routes. Information regarding statutory marriage laws is addressed, with specific regulations outlined in the Marriage Ordinance (Cap 127), as well as details about registering Mohammedan marriages according to local customs under the Marriage of Mohammedans Ordinance (Cap 129). It also addresses the separation of customary and statutory marriage practices. The document provides detailed legal guidance on how customary marriage is conducted, with relevant laws and regulations for both men and women.","gemma2:2b","ollama","success",""
"tmpewf_hyo5.pdf","2","What are the main points discussed?","This document provides a detailed overview of customary marriage practices in Ghana, including aspects such as the grounds for divorce, dissolution of marriage, rights and responsibilities upon death, statutory marriages under Ghanaian law. It also explores procedures for extra-judicial and judicial divorces, child custody provisions, and requirements for registering marriages according to Mohammedan Law. The document clarifies the principles of customary practices concerning adultery, refusal to render conjugal rights, cruelty, and maintenance obligations in cases of divorce. It concludes with a discussion on statutory marriage practices governed by specific Ghanaian legislation regarding marriage in accordance with customary law.","gemma2:2b","ollama","success",""
"tmpewf_hyo5.pdf","3","Who is the intended audience?","The intended audience for this document is likely individuals seeking legal advice about customary marriage laws and divorce proceedings within a Ghanaian context. It specifically targets those interested in understanding the rules surrounding marriage agreements, dissolution of marriage, and the rights and responsibilities associated with them.","gemma2:2b","ollama","success",""
"tmpewf_hyo5.pdf","4","What recommendations or actions are proposed?","The provided text is a summary of customary marriage law in Ghana. It outlines the customs and practices that govern marriage in this region, including legal aspects such as customary agreements, divorce procedures, dissolution by death, marriage under statutory law (Caps 127 and 129), and registration requirements for Mohammedan marriages. The text also offers details on responsibilities of parties involved after a marriage dissolves, including the potential re-marriage of individuals following these events, custody of children if one party dies, and specific clauses regarding marriage payments. Information not found in document.","gemma2:2b","ollama","success",""
